[{"model": "admin.logentry", "pk": 1, "fields": {"action_time": "2020-09-04T09:16:57.788Z", "user": 2, "content_type": 13, "object_id": "1", "object_repr": "junior(младший)", "action_flag": 1, "change_message": "[{\"added\": {}}]"}}, {"model": "admin.logentry", "pk": 2, "fields": {"action_time": "2020-09-04T09:17:31.620Z", "user": 2, "content_type": 13, "object_id": "2", "object_repr": "Middle (средний)", "action_flag": 1, "change_message": "[{\"added\": {}}]"}}, {"model": "admin.logentry", "pk": 3, "fields": {"action_time": "2020-09-04T09:18:01.332Z", "user": 2, "content_type": 13, "object_id": "3", "object_repr": "Senior (Старший)", "action_flag": 1, "change_message": "[{\"added\": {}}]"}}, {"model": "admin.logentry", "pk": 4, "fields": {"action_time": "2020-09-04T09:44:59.963Z", "user": 2, "content_type": 9, "object_id": "3", "object_repr": "Разработчик в проект на Django", "action_flag": 3, "change_message": ""}}, {"model": "admin.logentry", "pk": 5, "fields": {"action_time": "2020-09-04T09:45:00.196Z", "user": 2, "content_type": 9, "object_id": "2", "object_repr": "Разработчик на Python", "action_flag": 3, "change_message": ""}}, {"model": "admin.logentry", "pk": 6, "fields": {"action_time": "2020-09-04T09:46:25.223Z", "user": 2, "content_type": 12, "object_id": "1", "object_repr": "Не ищу работу", "action_flag": 1, "change_message": "[{\"added\": {}}]"}}, {"model": "admin.logentry", "pk": 7, "fields": {"action_time": "2020-09-04T09:46:42.807Z", "user": 2, "content_type": 12, "object_id": "2", "object_repr": "Рассматриваю предложения", "action_flag": 1, "change_message": "[{\"added\": {}}]"}}, {"model": "admin.logentry", "pk": 8, "fields": {"action_time": "2020-09-04T09:46:56.468Z", "user": 2, "content_type": 12, "object_id": "3", "object_repr": "Ищу работу", "action_flag": 1, "change_message": "[{\"added\": {}}]"}}, {"model": "admin.logentry", "pk": 9, "fields": {"action_time": "2020-09-04T09:51:18.391Z", "user": 2, "content_type": 7, "object_id": "2", "object_repr": "workiro", "action_flag": 2, "change_message": "[{\"changed\": {\"fields\": [\"Location\", \"Description\"]}}]"}}, {"model": "admin.logentry", "pk": 10, "fields": {"action_time": "2020-09-04T09:51:46.557Z", "user": 2, "content_type": 7, "object_id": "3", "object_repr": "rebelrage", "action_flag": 2, "change_message": "[{\"changed\": {\"fields\": [\"Logo\", \"Location\", \"Description\"]}}]"}}, {"model": "admin.logentry", "pk": 11, "fields": {"action_time": "2020-09-04T09:52:06.512Z", "user": 2, "content_type": 7, "object_id": "4", "object_repr": "staffingsmarter", "action_flag": 2, "change_message": "[{\"changed\": {\"fields\": [\"Logo\", \"Location\", \"Description\"]}}]"}}, {"model": "admin.logentry", "pk": 12, "fields": {"action_time": "2020-09-04T09:52:16.863Z", "user": 2, "content_type": 7, "object_id": "4", "object_repr": "staffingsmarter", "action_flag": 2, "change_message": "[]"}}, {"model": "admin.logentry", "pk": 13, "fields": {"action_time": "2020-09-04T09:52:55.103Z", "user": 2, "content_type": 7, "object_id": "5", "object_repr": "evilthreat h", "action_flag": 2, "change_message": "[{\"changed\": {\"fields\": [\"Location\", \"Description\"]}}]"}}, {"model": "admin.logentry", "pk": 14, "fields": {"action_time": "2020-09-04T09:53:14.586Z", "user": 2, "content_type": 7, "object_id": "6", "object_repr": "hirey", "action_flag": 2, "change_message": "[{\"changed\": {\"fields\": [\"Name\", \"Logo\", \"Location\", \"Description\"]}}]"}}, {"model": "admin.logentry", "pk": 15, "fields": {"action_time": "2020-09-04T09:53:37.859Z", "user": 2, "content_type": 7, "object_id": "7", "object_repr": "swiftattack", "action_flag": 2, "change_message": "[{\"changed\": {\"fields\": [\"Logo\", \"Location\", \"Description\"]}}]"}}, {"model": "admin.logentry", "pk": 16, "fields": {"action_time": "2020-09-04T09:53:59.679Z", "user": 2, "content_type": 7, "object_id": "8", "object_repr": "troller", "action_flag": 2, "change_message": "[{\"changed\": {\"fields\": [\"Logo\", \"Location\", \"Description\"]}}]"}}, {"model": "admin.logentry", "pk": 17, "fields": {"action_time": "2020-09-04T09:54:27.915Z", "user": 2, "content_type": 7, "object_id": "9", "object_repr": "primalassault", "action_flag": 2, "change_message": "[{\"changed\": {\"fields\": [\"Logo\", \"Location\", \"Description\"]}}]"}}, {"model": "admin.logentry", "pk": 18, "fields": {"action_time": "2020-09-04T09:54:55.381Z", "user": 2, "content_type": 7, "object_id": "2", "object_repr": "workiro", "action_flag": 2, "change_message": "[{\"changed\": {\"fields\": [\"Logo\"]}}]"}}, {"model": "admin.logentry", "pk": 19, "fields": {"action_time": "2020-09-04T09:56:26.313Z", "user": 2, "content_type": 8, "object_id": "1", "object_repr": "Фронтенд", "action_flag": 2, "change_message": "[{\"changed\": {\"fields\": [\"Picture\"]}}]"}}, {"model": "admin.logentry", "pk": 20, "fields": {"action_time": "2020-09-04T09:56:40.052Z", "user": 2, "content_type": 8, "object_id": "2", "object_repr": "Бэкенд", "action_flag": 2, "change_message": "[{\"changed\": {\"fields\": [\"Picture\"]}}]"}}, {"model": "admin.logentry", "pk": 21, "fields": {"action_time": "2020-09-04T09:56:56.535Z", "user": 2, "content_type": 8, "object_id": "3", "object_repr": "Геймдев", "action_flag": 2, "change_message": "[{\"changed\": {\"fields\": [\"Picture\"]}}]"}}, {"model": "admin.logentry", "pk": 22, "fields": {"action_time": "2020-09-04T09:57:12.528Z", "user": 2, "content_type": 8, "object_id": "4", "object_repr": "Девопс", "action_flag": 2, "change_message": "[{\"changed\": {\"fields\": [\"Picture\"]}}]"}}, {"model": "admin.logentry", "pk": 23, "fields": {"action_time": "2020-09-04T09:57:27.646Z", "user": 2, "content_type": 8, "object_id": "5", "object_repr": "Дизайн", "action_flag": 2, "change_message": "[{\"changed\": {\"fields\": [\"Picture\"]}}]"}}, {"model": "admin.logentry", "pk": 24, "fields": {"action_time": "2020-09-04T09:57:53.633Z", "user": 2, "content_type": 8, "object_id": "6", "object_repr": "Продукты", "action_flag": 2, "change_message": "[{\"changed\": {\"fields\": [\"Picture\"]}}]"}}, {"model": "admin.logentry", "pk": 25, "fields": {"action_time": "2020-09-04T09:58:07.188Z", "user": 2, "content_type": 8, "object_id": "7", "object_repr": "Менеджмент", "action_flag": 2, "change_message": "[{\"changed\": {\"fields\": [\"Picture\"]}}]"}}, {"model": "admin.logentry", "pk": 26, "fields": {"action_time": "2020-09-04T09:58:24.409Z", "user": 2, "content_type": 8, "object_id": "8", "object_repr": "Тестирование", "action_flag": 2, "change_message": "[{\"changed\": {\"fields\": [\"Picture\"]}}]"}}, {"model": "admin.logentry", "pk": 27, "fields": {"action_time": "2020-09-04T10:11:34.040Z", "user": 2, "content_type": 8, "object_id": "1", "object_repr": "Фронтенд", "action_flag": 2, "change_message": "[{\"changed\": {\"fields\": [\"Picture\"]}}]"}}, {"model": "admin.logentry", "pk": 28, "fields": {"action_time": "2020-09-04T10:14:26.461Z", "user": 2, "content_type": 7, "object_id": "1", "object_repr": "asd", "action_flag": 2, "change_message": "[{\"changed\": {\"fields\": [\"Logo\"]}}]"}}, {"model": "admin.logentry", "pk": 29, "fields": {"action_time": "2020-09-04T10:42:50.692Z", "user": 2, "content_type": 7, "object_id": "5", "object_repr": "evilthreat h", "action_flag": 2, "change_message": "[{\"changed\": {\"fields\": [\"Logo\"]}}]"}}, {"model": "admin.logentry", "pk": 30, "fields": {"action_time": "2020-09-04T14:34:29.912Z", "user": 2, "content_type": 7, "object_id": "5", "object_repr": "evilthreat h", "action_flag": 2, "change_message": "[{\"changed\": {\"fields\": [\"Logo\"]}}]"}}, {"model": "admin.logentry", "pk": 31, "fields": {"action_time": "2020-09-04T14:40:37.784Z", "user": 2, "content_type": 11, "object_id": "2", "object_repr": "xuy", "action_flag": 2, "change_message": "[{\"changed\": {\"fields\": [\"First name\", \"Last name\"]}}]"}}, {"model": "admin.logentry", "pk": 32, "fields": {"action_time": "2020-09-04T14:41:07.093Z", "user": 2, "content_type": 11, "object_id": "2", "object_repr": "xuy", "action_flag": 2, "change_message": "[{\"changed\": {\"fields\": [\"First name\", \"Last name\"]}}]"}}, {"model": "admin.logentry", "pk": 33, "fields": {"action_time": "2020-09-04T14:43:07.848Z", "user": 2, "content_type": 11, "object_id": "2", "object_repr": "xuy", "action_flag": 3, "change_message": ""}}, {"model": "admin.logentry", "pk": 34, "fields": {"action_time": "2020-09-04T16:50:10.397Z", "user": 2, "content_type": 9, "object_id": "9", "object_repr": "Дизайнер Веб-интерфейсовs", "action_flag": 1, "change_message": "[{\"added\": {}}]"}}, {"model": "admin.logentry", "pk": 35, "fields": {"action_time": "2020-09-06T18:23:54.377Z", "user": 2, "content_type": 4, "object_id": "4", "object_repr": "Sosa4", "action_flag": 3, "change_message": ""}}, {"model": "admin.logentry", "pk": 36, "fields": {"action_time": "2020-09-09T21:20:16.755Z", "user": 2, "content_type": 4, "object_id": "5", "object_repr": "Egorsosi", "action_flag": 3, "change_message": ""}}, {"model": "admin.logentry", "pk": 37, "fields": {"action_time": "2020-09-09T21:26:02.423Z", "user": 2, "content_type": 4, "object_id": "7", "object_repr": "test2", "action_flag": 2, "change_message": "[{\"changed\": {\"fields\": [\"Active\"]}}]"}}, {"model": "admin.logentry", "pk": 38, "fields": {"action_time": "2020-09-09T21:27:36.242Z", "user": 2, "content_type": 4, "object_id": "7", "object_repr": "test2", "action_flag": 2, "change_message": "[{\"changed\": {\"fields\": [\"Active\"]}}]"}}, {"model": "admin.logentry", "pk": 39, "fields": {"action_time": "2020-09-10T06:44:21.897Z", "user": 2, "content_type": 11, "object_id": "1", "object_repr": "Resume object (1)", "action_flag": 2, "change_message": "[{\"changed\": {\"fields\": [\"Verified\"]}}]"}}, {"model": "admin.logentry", "pk": 40, "fields": {"action_time": "2020-09-10T06:58:30.703Z", "user": 2, "content_type": 4, "object_id": "6", "object_repr": "test1", "action_flag": 2, "change_message": "[{\"changed\": {\"fields\": [\"Active\"]}}]"}}, {"model": "admin.logentry", "pk": 41, "fields": {"action_time": "2020-09-10T06:58:48.132Z", "user": 2, "content_type": 4, "object_id": "7", "object_repr": "test2", "action_flag": 2, "change_message": "[{\"changed\": {\"fields\": [\"Active\"]}}]"}}, {"model": "admin.logentry", "pk": 42, "fields": {"action_time": "2020-09-10T07:28:20.608Z", "user": 2, "content_type": 4, "object_id": "2", "object_repr": "admin", "action_flag": 2, "change_message": "[{\"changed\": {\"fields\": [\"Email address\"]}}]"}}, {"model": "admin.logentry", "pk": 43, "fields": {"action_time": "2020-09-10T09:14:45.495Z", "user": 2, "content_type": 11, "object_id": "1", "object_repr": "Resume object (1)", "action_flag": 2, "change_message": "[]"}}, {"model": "auth.permission", "pk": 1, "fields": {"name": "Can add log entry", "content_type": 1, "codename": "add_logentry"}}, {"model": "auth.permission", "pk": 2, "fields": {"name": "Can change log entry", "content_type": 1, "codename": "change_logentry"}}, {"model": "auth.permission", "pk": 3, "fields": {"name": "Can delete log entry", "content_type": 1, "codename": "delete_logentry"}}, {"model": "auth.permission", "pk": 4, "fields": {"name": "Can view log entry", "content_type": 1, "codename": "view_logentry"}}, {"model": "auth.permission", "pk": 5, "fields": {"name": "Can add permission", "content_type": 2, "codename": "add_permission"}}, {"model": "auth.permission", "pk": 6, "fields": {"name": "Can change permission", "content_type": 2, "codename": "change_permission"}}, {"model": "auth.permission", "pk": 7, "fields": {"name": "Can delete permission", "content_type": 2, "codename": "delete_permission"}}, {"model": "auth.permission", "pk": 8, "fields": {"name": "Can view permission", "content_type": 2, "codename": "view_permission"}}, {"model": "auth.permission", "pk": 9, "fields": {"name": "Can add group", "content_type": 3, "codename": "add_group"}}, {"model": "auth.permission", "pk": 10, "fields": {"name": "Can change group", "content_type": 3, "codename": "change_group"}}, {"model": "auth.permission", "pk": 11, "fields": {"name": "Can delete group", "content_type": 3, "codename": "delete_group"}}, {"model": "auth.permission", "pk": 12, "fields": {"name": "Can view group", "content_type": 3, "codename": "view_group"}}, {"model": "auth.permission", "pk": 13, "fields": {"name": "Can add user", "content_type": 4, "codename": "add_user"}}, {"model": "auth.permission", "pk": 14, "fields": {"name": "Can change user", "content_type": 4, "codename": "change_user"}}, {"model": "auth.permission", "pk": 15, "fields": {"name": "Can delete user", "content_type": 4, "codename": "delete_user"}}, {"model": "auth.permission", "pk": 16, "fields": {"name": "Can view user", "content_type": 4, "codename": "view_user"}}, {"model": "auth.permission", "pk": 17, "fields": {"name": "Can add content type", "content_type": 5, "codename": "add_contenttype"}}, {"model": "auth.permission", "pk": 18, "fields": {"name": "Can change content type", "content_type": 5, "codename": "change_contenttype"}}, {"model": "auth.permission", "pk": 19, "fields": {"name": "Can delete content type", "content_type": 5, "codename": "delete_contenttype"}}, {"model": "auth.permission", "pk": 20, "fields": {"name": "Can view content type", "content_type": 5, "codename": "view_contenttype"}}, {"model": "auth.permission", "pk": 21, "fields": {"name": "Can add session", "content_type": 6, "codename": "add_session"}}, {"model": "auth.permission", "pk": 22, "fields": {"name": "Can change session", "content_type": 6, "codename": "change_session"}}, {"model": "auth.permission", "pk": 23, "fields": {"name": "Can delete session", "content_type": 6, "codename": "delete_session"}}, {"model": "auth.permission", "pk": 24, "fields": {"name": "Can view session", "content_type": 6, "codename": "view_session"}}, {"model": "auth.permission", "pk": 25, "fields": {"name": "Can add company", "content_type": 7, "codename": "add_company"}}, {"model": "auth.permission", "pk": 26, "fields": {"name": "Can change company", "content_type": 7, "codename": "change_company"}}, {"model": "auth.permission", "pk": 27, "fields": {"name": "Can delete company", "content_type": 7, "codename": "delete_company"}}, {"model": "auth.permission", "pk": 28, "fields": {"name": "Can view company", "content_type": 7, "codename": "view_company"}}, {"model": "auth.permission", "pk": 29, "fields": {"name": "Can add specialty", "content_type": 8, "codename": "add_specialty"}}, {"model": "auth.permission", "pk": 30, "fields": {"name": "Can change specialty", "content_type": 8, "codename": "change_specialty"}}, {"model": "auth.permission", "pk": 31, "fields": {"name": "Can delete specialty", "content_type": 8, "codename": "delete_specialty"}}, {"model": "auth.permission", "pk": 32, "fields": {"name": "Can view specialty", "content_type": 8, "codename": "view_specialty"}}, {"model": "auth.permission", "pk": 33, "fields": {"name": "Can add vacancy", "content_type": 9, "codename": "add_vacancy"}}, {"model": "auth.permission", "pk": 34, "fields": {"name": "Can change vacancy", "content_type": 9, "codename": "change_vacancy"}}, {"model": "auth.permission", "pk": 35, "fields": {"name": "Can delete vacancy", "content_type": 9, "codename": "delete_vacancy"}}, {"model": "auth.permission", "pk": 36, "fields": {"name": "Can view vacancy", "content_type": 9, "codename": "view_vacancy"}}, {"model": "auth.permission", "pk": 37, "fields": {"name": "Can add application", "content_type": 10, "codename": "add_application"}}, {"model": "auth.permission", "pk": 38, "fields": {"name": "Can change application", "content_type": 10, "codename": "change_application"}}, {"model": "auth.permission", "pk": 39, "fields": {"name": "Can delete application", "content_type": 10, "codename": "delete_application"}}, {"model": "auth.permission", "pk": 40, "fields": {"name": "Can view application", "content_type": 10, "codename": "view_application"}}, {"model": "auth.permission", "pk": 41, "fields": {"name": "Can add resume", "content_type": 11, "codename": "add_resume"}}, {"model": "auth.permission", "pk": 42, "fields": {"name": "Can change resume", "content_type": 11, "codename": "change_resume"}}, {"model": "auth.permission", "pk": 43, "fields": {"name": "Can delete resume", "content_type": 11, "codename": "delete_resume"}}, {"model": "auth.permission", "pk": 44, "fields": {"name": "Can view resume", "content_type": 11, "codename": "view_resume"}}, {"model": "auth.permission", "pk": 45, "fields": {"name": "Can add status model", "content_type": 12, "codename": "add_statusmodel"}}, {"model": "auth.permission", "pk": 46, "fields": {"name": "Can change status model", "content_type": 12, "codename": "change_statusmodel"}}, {"model": "auth.permission", "pk": 47, "fields": {"name": "Can delete status model", "content_type": 12, "codename": "delete_statusmodel"}}, {"model": "auth.permission", "pk": 48, "fields": {"name": "Can view status model", "content_type": 12, "codename": "view_statusmodel"}}, {"model": "auth.permission", "pk": 49, "fields": {"name": "Can add grade model", "content_type": 13, "codename": "add_grademodel"}}, {"model": "auth.permission", "pk": 50, "fields": {"name": "Can change grade model", "content_type": 13, "codename": "change_grademodel"}}, {"model": "auth.permission", "pk": 51, "fields": {"name": "Can delete grade model", "content_type": 13, "codename": "delete_grademodel"}}, {"model": "auth.permission", "pk": 52, "fields": {"name": "Can view grade model", "content_type": 13, "codename": "view_grademodel"}}, {"model": "auth.user", "pk": 1, "fields": {"password": "pbkdf2_sha256$216000$2Sx4kR6vXLhH$WIo76vnFc/5GmnSePJvtxA7DIKg53djwdI4APjMq2gU=", "last_login": "2020-09-10T09:19:36.256Z", "is_superuser": false, "username": "Egor", "first_name": "Егор", "last_name": "Зинин", "email": "asd@gmail.com", "is_staff": false, "is_active": true, "date_joined": "2020-09-04T07:47:54.197Z", "groups": [], "user_permissions": []}}, {"model": "auth.user", "pk": 2, "fields": {"password": "pbkdf2_sha256$216000$Y1g1EAgj69NS$GR5KWxbgZFKEcthSMPHct1+IWpuTCQYCUOiksVIYAm4=", "last_login": "2020-09-10T09:14:06.497Z", "is_superuser": true, "username": "admin", "first_name": "", "last_name": "", "email": "sasd@gmasd.cim", "is_staff": true, "is_active": true, "date_joined": "2020-09-04T09:05:01Z", "groups": [], "user_permissions": []}}, {"model": "auth.user", "pk": 6, "fields": {"password": "pbkdf2_sha256$216000$2kA0I9Uu03Nw$jtmCOWFswkcMezA4hQwz5CXqERVXEuDl5m2rSS2tie0=", "last_login": "2020-09-10T07:11:44.713Z", "is_superuser": false, "username": "test1", "first_name": "Дмитрий", "last_name": "Жмышенко", "email": "Sss@gmail.com", "is_staff": false, "is_active": true, "date_joined": "2020-09-09T21:16:29Z", "groups": [], "user_permissions": []}}, {"model": "auth.user", "pk": 7, "fields": {"password": "pbkdf2_sha256$216000$eQa2cHWJsm7r$gShQiCBAyo6UNnfrWCg3DahkK6duz3qVZVHEVPpygQk=", "last_login": "2020-09-09T21:26:50Z", "is_superuser": false, "username": "test2", "first_name": "test", "last_name": "test", "email": "test2@gmail.com", "is_staff": false, "is_active": true, "date_joined": "2020-09-09T21:23:23Z", "groups": [], "user_permissions": []}}, {"model": "contenttypes.contenttype", "pk": 1, "fields": {"app_label": "admin", "model": "logentry"}}, {"model": "contenttypes.contenttype", "pk": 2, "fields": {"app_label": "auth", "model": "permission"}}, {"model": "contenttypes.contenttype", "pk": 3, "fields": {"app_label": "auth", "model": "group"}}, {"model": "contenttypes.contenttype", "pk": 4, "fields": {"app_label": "auth", "model": "user"}}, {"model": "contenttypes.contenttype", "pk": 5, "fields": {"app_label": "contenttypes", "model": "contenttype"}}, {"model": "contenttypes.contenttype", "pk": 6, "fields": {"app_label": "sessions", "model": "session"}}, {"model": "contenttypes.contenttype", "pk": 7, "fields": {"app_label": "vacancies", "model": "company"}}, {"model": "contenttypes.contenttype", "pk": 8, "fields": {"app_label": "vacancies", "model": "specialty"}}, {"model": "contenttypes.contenttype", "pk": 9, "fields": {"app_label": "vacancies", "model": "vacancy"}}, {"model": "contenttypes.contenttype", "pk": 10, "fields": {"app_label": "vacancies", "model": "application"}}, {"model": "contenttypes.contenttype", "pk": 11, "fields": {"app_label": "vacancies", "model": "resume"}}, {"model": "contenttypes.contenttype", "pk": 12, "fields": {"app_label": "vacancies", "model": "statusmodel"}}, {"model": "contenttypes.contenttype", "pk": 13, "fields": {"app_label": "vacancies", "model": "grademodel"}}, {"model": "sessions.session", "pk": "3uy7v9859z2iaa9i1alb599242dq5c4j", "fields": {"session_data": ".eJxVjDsOwjAQBe_iGlnr_5qSnjNYXn9wADlSnFSIu0OkFNC-mXkvFuK2trCNsoQpszOT7PS7UUyP0neQ77HfZp7mvi4T8V3hBx38OufyvBzu30GLo31rpwR6i2gBLDqvDICkaJQtThRUVK1QOmtIDq2XlVBkMhIgQkKNFdj7A5JxNik:1kECvm:pBNATwhHC21dgcaPu77caW8x55B55hOMMcgBvrZH1Bw", "expire_date": "2020-09-18T14:43:10.755Z"}}, {"model": "sessions.session", "pk": "5z76p5b0m1wu49jdh4nvv9jwtxggpjf3", "fields": {"session_data": ".eJxVjMsOgjAUBf-la9P0thaoS_d8A7mvCmpKQmFl_HclYaHbMzPnZQbc1nHYqi7DJOZiwJx-N0J-aNmB3LHcZstzWZeJ7K7Yg1bbz6LP6-H-HYxYx29NUUP0HnLHSTrXoDpWSRmImaBtIeYEHkVDcJEoNBIhtu6sSVOHKZv3B_PgODU:1kF1mM:VHXYT5Uo_Ebvpg2Fa88ENZV3WwW1VHkBEFVw1DxrqRA", "expire_date": "2020-09-20T21:00:50.449Z"}}, {"model": "sessions.session", "pk": "7160bdnpkkuzj9t01bs0crsrp8yfhr2w", "fields": {"session_data": ".eJxVjDsOwyAQRO9CHSHMZ4GU6X0GtMASnERYMnYV5e6xJRfJlPPezJsF3NYatk5LmDK7MsMuv13E9KR2gPzAdp95mtu6TJEfCj9p5-Oc6XU73b-Dir3uawuGQCZliQZUErJS0RcSOrrBEWrvtNsDkFDmAl5pq0XUaKB4C06wzxfShDcN:1kF0NC:GvaNXp8kNQTVaV9DheS745MUxFPF5RfNHQHmgHXa5lk", "expire_date": "2020-09-20T19:30:46.587Z"}}, {"model": "sessions.session", "pk": "gojbnjp3umuljfhj1m20dg8mco41jfbb", "fields": {"session_data": ".eJxVjMsOgjAUBf-la9P0thaoS_d8A7mvCmpKQmFl_HclYaHbMzPnZQbc1nHYqi7DJOZiwJx-N0J-aNmB3LHcZstzWZeJ7K7Yg1bbz6LP6-H-HYxYx29NUUP0HnLHSTrXoDpWSRmImaBtIeYEHkVDcJEoNBIhtu6sSVOHKZv3B_PgODU:1kEF4t:u59UWEZ9vTuxbiq6eG6BoGwLdOfPMTaltoNHJSLQZlU", "expire_date": "2020-09-18T17:00:43.424Z"}}, {"model": "sessions.session", "pk": "i89clihivsrdb8qz1pqul1eqpg36ye3h", "fields": {"session_data": ".eJxVjMsOgjAUBf-la9P0thaoS_d8A7mvCmpKQmFl_HclYaHbMzPnZQbc1nHYqi7DJOZiwJx-N0J-aNmB3LHcZstzWZeJ7K7Yg1bbz6LP6-H-HYxYx29NUUP0HnLHSTrXoDpWSRmImaBtIeYEHkVDcJEoNBIhtu6sSVOHKZv3B_PgODU:1kEHhO:Gac_P5zOdmni-bA__OdSju7be4ytSpVwr_r-Fg-i48k", "expire_date": "2020-09-18T19:48:38.540Z"}}, {"model": "sessions.session", "pk": "jfy3526bmlbec7o54bneqhjrj1q6rhqw", "fields": {"session_data": ".eJxVjMsOgjAUBf-la9P0thaoS_d8A7mvCmpKQmFl_HclYaHbMzPnZQbc1nHYqi7DJOZiwJx-N0J-aNmB3LHcZstzWZeJ7K7Yg1bbz6LP6-H-HYxYx29NUUP0HnLHSTrXoDpWSRmImaBtIeYEHkVDcJEoNBIhtu6sSVOHKZv3B_PgODU:1kEdVS:yjdhWRzb4BlTkkWAUyTibKEM9v7ts5UyuDfsV1xiXU8", "expire_date": "2020-09-19T19:05:46.675Z"}}, {"model": "sessions.session", "pk": "jjma80gryh7sdp8w6uft2bsnjpubzhx7", "fields": {"session_data": ".eJxVjMsOgjAUBf-la9P0thaoS_d8A7mvCmpKQmFl_HclYaHbMzPnZQbc1nHYqi7DJOZiwJx-N0J-aNmB3LHcZstzWZeJ7K7Yg1bbz6LP6-H-HYxYx29NUUP0HnLHSTrXoDpWSRmImaBtIeYEHkVDcJEoNBIhtu6sSVOHKZv3B_PgODU:1kEA7V:rBYJxTfq6AxDQTX8iZE4XAtuJHUFDjsXIbUaQ4AjXqY", "expire_date": "2020-09-18T11:43:05.120Z"}}, {"model": "sessions.session", "pk": "p905rrc0gfbxqc6iuhnwyx0hzsrplo7s", "fields": {"session_data": ".eJxVjMsOgjAUBf-la9P0thaoS_d8A7mvCmpKQmFl_HclYaHbMzPnZQbc1nHYqi7DJOZiwJx-N0J-aNmB3LHcZstzWZeJ7K7Yg1bbz6LP6-H-HYxYx29NUUP0HnLHSTrXoDpWSRmImaBtIeYEHkVDcJEoNBIhtu6sSVOHKZv3B_PgODU:1kF0bq:UoWgPhrXhLsw9nXKAcSC_kQ9-AcoXX-DNnxN5-oHVq8", "expire_date": "2020-09-20T19:45:54.262Z"}}, {"model": "sessions.session", "pk": "pswt67e9ga8h38a68kafss4nhi6vm7nd", "fields": {"session_data": ".eJxVjMsOgjAUBf-la9P0thaoS_d8A7mvCmpKQmFl_HclYaHbMzPnZQbc1nHYqi7DJOZiwJx-N0J-aNmB3LHcZstzWZeJ7K7Yg1bbz6LP6-H-HYxYx29NUUP0HnLHSTrXoDpWSRmImaBtIeYEHkVDcJEoNBIhtu6sSVOHKZv3B_PgODU:1kEEu9:_CwvQs2spKfu5yU1hDFjgpMRE3FyQpDKl3Gyr0kPrbg", "expire_date": "2020-09-18T16:49:37.351Z"}}, {"model": "sessions.session", "pk": "u88syulkono1mibad9vqgwl1e3nv72fl", "fields": {"session_data": ".eJxVjMsOgjAUBf-la9P0thaoS_d8A7mvCmpKQmFl_HclYaHbMzPnZQbc1nHYqi7DJOZiwJx-N0J-aNmB3LHcZstzWZeJ7K7Yg1bbz6LP6-H-HYxYx29NUUP0HnLHSTrXoDpWSRmImaBtIeYEHkVDcJEoNBIhtu6sSVOHKZv3B_PgODU:1kEAz7:CZEHdOflTt20ksowBdGlD5HqgVp0s-tFyynnXgs7yPA", "expire_date": "2020-09-18T12:38:29.040Z"}}, {"model": "vacancies.company", "pk": 1, "fields": {"name": "asd", "logo": "photo_2020-07-26_19.02.48.jpeg", "owner": 1, "location": "asd", "description": "фвпвырпыф", "employee_count": null}}, {"model": "vacancies.company", "pk": 2, "fields": {"name": "workiro", "logo": "logo1.png", "owner": null, "location": "Беларусь", "description": "Мы компания", "employee_count": null}}, {"model": "vacancies.company", "pk": 3, "fields": {"name": "rebelrage", "logo": "logo2.png", "owner": null, "location": "США", "description": "Мы компания", "employee_count": null}}, {"model": "vacancies.company", "pk": 4, "fields": {"name": "staffingsmarter", "logo": "logo3.png", "owner": null, "location": "США", "description": "Мы компания", "employee_count": null}}, {"model": "vacancies.company", "pk": 5, "fields": {"name": "evilthreat h", "logo": "logo4_CmkhBM5.png", "owner": null, "location": "Беларусь", "description": "Мы компания", "employee_count": null}}, {"model": "vacancies.company", "pk": 6, "fields": {"name": "hirey", "logo": "logo5.png", "owner": null, "location": "Беларусь", "description": "Мы компания", "employee_count": null}}, {"model": "vacancies.company", "pk": 7, "fields": {"name": "swiftattack", "logo": "logo6.png", "owner": null, "location": "США", "description": "Мы компания", "employee_count": null}}, {"model": "vacancies.company", "pk": 8, "fields": {"name": "troller", "logo": "logo7.png", "owner": null, "location": "Беларусь", "description": "Мы компания", "employee_count": null}}, {"model": "vacancies.company", "pk": 9, "fields": {"name": "primalassault", "logo": "logo8.png", "owner": null, "location": "США", "description": "Мы компания", "employee_count": null}}, {"model": "vacancies.company", "pk": 11, "fields": {"name": "ads", "logo": "company.png", "owner": 2, "location": "123", "description": "qew", "employee_count": 123}}, {"model": "vacancies.specialty", "pk": 1, "fields": {"code": "frontend", "title": "Фронтенд", "picture": "specty_frontend.png"}}, {"model": "vacancies.specialty", "pk": 2, "fields": {"code": "backend", "title": "Бэкенд", "picture": "MEDIA_SPECIALITY_IMAGE_DIR/specty_backend.png"}}, {"model": "vacancies.specialty", "pk": 3, "fields": {"code": "gamedev", "title": "Геймдев", "picture": "MEDIA_SPECIALITY_IMAGE_DIR/specty_gamedev.png"}}, {"model": "vacancies.specialty", "pk": 4, "fields": {"code": "devops", "title": "Девопс", "picture": "MEDIA_SPECIALITY_IMAGE_DIR/specty_devops.png"}}, {"model": "vacancies.specialty", "pk": 5, "fields": {"code": "design", "title": "Дизайн", "picture": "MEDIA_SPECIALITY_IMAGE_DIR/specty_design.png"}}, {"model": "vacancies.specialty", "pk": 6, "fields": {"code": "products", "title": "Продукты", "picture": "MEDIA_SPECIALITY_IMAGE_DIR/specty_products.png"}}, {"model": "vacancies.specialty", "pk": 7, "fields": {"code": "management", "title": "Менеджмент", "picture": "MEDIA_SPECIALITY_IMAGE_DIR/specty_management.png"}}, {"model": "vacancies.specialty", "pk": 8, "fields": {"code": "testing", "title": "Тестирование", "picture": "MEDIA_SPECIALITY_IMAGE_DIR/specty_testing.png"}}, {"model": "vacancies.vacancy", "pk": 4, "fields": {"title": "Разработчик на Python", "specialty": 2, "company": 4, "skills": "потом добавим", "description": "потом добавим", "salary_min": 100000, "salary_max": 150000, "published_at": "2020-09-04"}}, {"model": "vacancies.vacancy", "pk": 5, "fields": {"title": "Разработчик в проект на Django", "specialty": 2, "company": 7, "skills": "потом добавим", "description": "потом добавим", "salary_min": 80000, "salary_max": 90000, "published_at": "2020-09-04"}}, {"model": "vacancies.vacancy", "pk": 6, "fields": {"title": "Разработчик на Swift в аутсорс компанию", "specialty": 2, "company": 7, "skills": "потом добавим", "description": "потом добавим", "salary_min": 120000, "salary_max": 150000, "published_at": "2020-09-04"}}, {"model": "vacancies.vacancy", "pk": 7, "fields": {"title": "Мидл программист на Python", "specialty": 2, "company": 2, "skills": "потом добавим", "description": "потом добавим", "salary_min": 80000, "salary_max": 90000, "published_at": "2020-09-04"}}, {"model": "vacancies.vacancy", "pk": 8, "fields": {"title": "Питонист в стартап", "specialty": 2, "company": 9, "skills": "потом добавим", "description": "потом добавим", "salary_min": 120000, "salary_max": 150000, "published_at": "2020-09-04"}}, {"model": "vacancies.vacancy", "pk": 12, "fields": {"title": "быв", "specialty": 6, "company": 1, "skills": "яйцу", "description": "xяйцу", "salary_min": 123, "salary_max": 123, "published_at": "2020-09-06"}}, {"model": "vacancies.vacancy", "pk": 13, "fields": {"title": "ewq", "specialty": 6, "company": 11, "skills": "123", "description": "123", "salary_min": 123, "salary_max": 123, "published_at": "2020-09-06"}}, {"model": "vacancies.vacancy", "pk": 14, "fields": {"title": "Дизайнер Веб-интерфейсовs", "specialty": 5, "company": 1, "skills": "Django", "description": "Ну отличная вакансия)", "salary_min": 120000, "salary_max": 130000, "published_at": "2020-09-09"}}, {"model": "vacancies.application", "pk": 2, "fields": {"written_username": "Egor", "written_phone": "293375940", "written_cover_letter": "Бгуир", "vacancy": 4, "user": 1}}, {"model": "vacancies.application", "pk": 3, "fields": {"written_username": "Egor", "written_phone": "293375940", "written_cover_letter": "Бгуир", "vacancy": 4, "user": 1}}, {"model": "vacancies.statusmodel", "pk": 1, "fields": {"title": "Не ищу работу"}}, {"model": "vacancies.statusmodel", "pk": 2, "fields": {"title": "Рассматриваю предложения"}}, {"model": "vacancies.statusmodel", "pk": 3, "fields": {"title": "Ищу работу"}}, {"model": "vacancies.grademodel", "pk": 1, "fields": {"title": "junior(младший)", "code": "junior"}}, {"model": "vacancies.grademodel", "pk": 2, "fields": {"title": "Middle (средний)", "code": "Middle"}}, {"model": "vacancies.grademodel", "pk": 3, "fields": {"title": "Senior (Старший)", "code": "Senior"}}, {"model": "vacancies.resume", "pk": 1, "fields": {"verified": true, "user": 1, "profile_pic": "ah-ty-sukin-syn-ja-v-dele-1.jpg", "first_name": "Егор", "last_name": "Зинин", "status": 2, "salary": 12000, "specialty": 3, "phone": "293375940", "grade": 2, "education": "Бгуир", "experience": ":(", "date_created": "2020-09-04T07:47:55.479Z", "portfolio": "portfolio"}}, {"model": "vacancies.resume", "pk": 5, "fields": {"verified": false, "user": 6, "profile_pic": "check.png", "first_name": "Дмитрий", "last_name": "Жмышенко", "status": null, "salary": null, "specialty": null, "phone": null, "grade": null, "education": null, "experience": null, "date_created": "2020-09-09T21:16:30.823Z", "portfolio": null}}, {"model": "vacancies.resume", "pk": 6, "fields": {"verified": false, "user": 7, "profile_pic": "check.png", "first_name": "test", "last_name": "test", "status": null, "salary": null, "specialty": null, "phone": null, "grade": null, "education": null, "experience": null, "date_created": "2020-09-09T21:23:24.617Z", "portfolio": null}}]